artist_name.x,track_name.y,year,danceability,energy,loudness,speechiness,acousticness,instrumentalness,liveness,tempo,valence,duration_ms
!!!,All My Heroes Are Weirdos,2008,0.503,0.992,-5.888999999999999,0.0847,0.001265,0.05395,0.0762,122.34049999999999,0.611,184080
All Mankind,Break The Spell,2012,0.5483333333333333,0.83,-5.862333333333333,0.03793333333333333,0.0012733333333333333,0.0038233333333333335,0.3426666666666667,151.966,0.8186666666666667,194600
All Tvvins,Darkest Ocean,2016,0.604,0.879,-3.812,0.0515,0.00167,1.22e-4,0.355,124.045,0.22,221752
American Authors,Hit It,2014,0.64025,0.913,-3.66575,0.09417500000000001,0.0023525,0,0.50775,120.06875,0.74775,207443
Ana Tijoux,1977,2011,0.6817500000000001,0.6875,-7.2065,0.040275,0.0040575,4.1225e-4,0.09947500000000001,103.941,0.5665,202498.5
Andreya Triana,Beautiful People,2019,0.502,0.923,-4.009,0.107,0.0723,2.28e-5,0.0295,140.875,0.968,149413
Animal Kingdom,Get Away With It,2013,0.507,0.8554999999999999,-7.359,0.0513,0.0237,0.003205,0.4025,135.96550000000002,0.47950000000000004,195266
Antiloop,In My Mind,2003,0.573,0.981,-7.634,0.0674,0.0034,0.755,0.34,141.168,0.0642,208040
Architecture in Helsinki,Escapee,2012,0.6718000000000001,0.7452,-4.4643999999999995,0.02808,0.04108,6.84e-7,0.1218,110.9636,0.7142,178058.6
Art Brut,Direct Hit,2008,0.2915,0.9575,-2.9365,0.08995,0.0713,4.44e-6,0.622,153.25799999999998,0.3925,210733
Aterciopelados,Paces,2008,0.6214999999999999,0.9215,-5.37,0.051949999999999996,0.0958,0,0.0796,133.965,0.68,278013
atl-J,Deadcrush,2018,0.648,0.6128,-6.8412,0.061059999999999996,0.0898,0.3532,0.1134,142.991,0.5923999999999999,231813
Atlas Genius,Stockholm,2016,0.568,0.746,-5.437,0.0462,0.0054,0,0.162,125.04,0.409,191640
Atomic Drum Assembly,Island Life,2019,0.541,0.921,-4.667,0.0379,4.21e-4,0.215,0.316,165.994,0.325,205266
Auletta,Meine Stadt,2010,0.5885,0.841,-4.263,0.0365,0.0338,2.13e-6,0.275,108.0675,0.41,210752
AURORA,Conqueror,2016,0.467,0.565,-6.732,0.0403,0.00411,0.00475,0.175,184.014,0.522,207506
AVICII,The Nights,2015,0.527,0.835,-5.298,0.0433,0.0166,0,0.249,125.983,0.654,176658
Babamars,The Core,2008,0.561,0.868,-5.727,0.0364,0.00627,0.0287,0.0934,177.962,0.971,219640
Bad Sounds,Wages,2018,0.518,0.875,-2.548,0.041,0.00522,6.3e-6,0.575,98.045,0.749,167839
Baiana System,Playsom,2016,0.913,0.824,-5.903,0.0777,0.124,6.46e-4,0.106,127.959,0.96,238040
Baio,Sister Of Pearl,2016,0.727,0.653,-7.73,0.0442,0.0763,0.211,0.204,125.055,0.944,253440
Bakar,Big Dreams,2019,0.635,0.89,-6.182,0.0769,0.00491,0,0.0731,180.045,0.533,153437
Balkan Beat Box,I Trusted U,2017,0.669,0.6475,-5.606999999999999,0.2755,0.01435,3.820000000000001e-6,0.0678,153.113,0.794,222522.5
Band Of Horses,Feud,2013,0.46625000000000005,0.70975,-9.01325,0.030425,5.8025e-4,0,0.074975,148.51625,0.40725,176813
Barns Courtney,Hobo Rocket,2017,0.565,0.919,-4.934,0.0836,0.161,0,0.476,96.025,0.527,187626
Bastille,Send Them Off!,2017,0.614,0.807,-3.405,0.0529,0.13,0,0.255,99.989,0.427,200987
Beaty Heart,Slide To The Side,2017,0.718,0.576,-5.993,0.0281,0.00986,0.0399,0.119,97.077,0.488,226083
Belasco,Chloroform,2007,0.41,0.917,-4.329,0.0725,3.77e-4,0.0066,0.124,94.687,0.286,189000
Billie Eilish,you should see me in a crown,2019,0.678,0.533,-10.485,0.186,0.462,0.219,0.139,150.455,0.323,180952
BLK JKS,Lakeside,2010,0.4225,0.8265,-6.0375,0.05235,0.0802,0.2425,0.6114999999999999,135.0365,0.443,247613
Bloc Party,Helicopter,2006,0.46625,0.95375,-3.63475,0.132,1.55e-4,0.00399,0.4005,170.084,0.398,220173
Bloc Party,We Are Not Good People,2013,0.4445,0.927,-3.31875,0.0469,9.03e-6,1.115e-5,0.37625,103.97425,0.37024999999999997,200337
Bob Moses,Heaven Only Knows,2019,0.56,0.55,-5.875,0.0287,0.0015,4.26e-6,0.321,106.993,0.0776,262426
Bomba Estereo,Soy Yo,2016,0.888,0.581,-7.631,0.172,0.04,2.21e-4,0.0788,117.039,0.798,159800
Bomba Estéreo,Fuego,2010,0.7695000000000001,0.81875,-5.90075,0.059725,0.046975,2.0875e-6,0.06684999999999999,100.0115,0.1685,277893
BØRNS,Faded Heart,2018,0.506,0.921,-4.98,0.0444,0.0182,0.0151,0.345,139.952,0.387,214318
BØRNS,Fool,2016,0.675,0.8,-4.58,0.0324,0.002,0.0405,0.0861,124.999,0.889,218320
Boy Kill Boy,Civil Sin,2007,0.3015,0.9325,-3.0229999999999997,0.06045,1.7475e-5,0,0.24,162.8795,0.38075000000000003,234609.75
Broods,Peach,2019,0.6865,0.737,-4.83,0.0404,0.00878,3.82e-5,0.2575,111.01650000000001,0.2455,255397
Caesars,Jerk It Out,2004,0.58,0.981,-2.603,0.06,0.0171,1.07e-5,0.386,134.007,0.861,195666
Capital Cities,Vowels,2017,0.665,0.645,-6.439,0.0319,0.00209,2.6e-5,0.126,110.976,0.657,184760
Caribou,Odessa,2011,0.6875,0.9055,-6.0365,0.0403,0.003515,0.08779999999999999,0.349,118.0295,0.5840000000000001,315439
Carlos Jean,Get Down,2007,0.804,0.821,-9.488,0.0406,0.0163,0,0.15,119.978,0.731,212613
Carpark North,Human,2008,0.695,0.948,-2.255,0.0739,0.0127,5.41e-5,0.087,152.038,0.522,147893
Catfish And The Bottlemen,Postpone,2017,0.527,0.929,-3.858,0.0612,3.88e-5,0.00142,0.323,138.022,0.305,245533
Chase & Status,No Problem,2012,0.556,0.95,-5.516500000000001,0.0886,7.474999999999999e-4,0.09534999999999999,0.04925,174.9845,0.47750000000000004,250666
Chevin,Champion,2013,0.402,0.681,-5.8345,0.058625,0.009187500000000001,4.8299999999999995e-6,0.20825,142.88675,0.25575,238553
Children Collide,Skeleton Dance,2010,0.567,0.918,-3.777,0.04,8.06e-4,0.13,0.047,82.344,0.682,211760
Chromeo,Don’t Turn The Lights On,2011,0.703,0.841,-5.183,0.0438,6.23e-4,0.00916,0.0855,115.989,0.752,277066
Chvrches,We Sink,2014,0.60675,0.7977500000000001,-6.5135000000000005,0.038525,9.9725e-5,3.63e-4,0.5695,125.0595,0.44375,213073
Coasts,Tonight,2016,0.34099999999999997,0.8845000000000001,-3.468,0.06520000000000001,0.00758,1.28e-5,0.272,158.937,0.4305,247307
Courtney Barnett,City Looks Pretty,2019,0.30474999999999997,0.7857500000000001,-6.7212499999999995,0.034725,0.006905,0.0049775,0.115,127.967,0.18575,281586
Crystal Fighters,Another Level,2019,0.613,0.813,-7.275,0.095,0.00768,0,0.708,96.03,0.814,186307
Crystal Fighters,Follow,2013,0.536,0.773,-5.838,0.0664,0.431,0.0683,0.0607,151.956,0.673,196480
Crystal Fighters,Love Natural,2014,0.653,0.7923333333333333,-6.227,0.048666666666666664,0.0369,0,0.32033333333333336,133.05866666666668,0.611,199524
CSS,Hits Me Like A Rock,2012,0.575,0.7545,-6.0105,0.02885,0.013649999999999999,2.485e-5,0.248,94.997,0.661,216406.5
CSS,Jager Yoga,2009,0.738,0.769,-3.472,0.0331,0.00116,5.65e-5,0.172,140.01,0.939,228946
Cut Off Your Hands,Happy As Can Be,2010,0.16899999999999998,0.928,-3.1435,0.055099999999999996,4.05e-4,0.01685,0.2535,158.5965,0.45199999999999996,213840
Damian (Jr. Gong) Marley,Welcome To Jamrock,2006,0.7126666666666667,0.672,-7.564,0.26333333333333336,0.11773333333333333,0,0.5640000000000001,102.10300000000001,0.7863333333333333,252021
Dan Black,Wonder,2011,0.6375,0.5865,-6.819,0.0403,0.00206,0.005945000000000001,0.08225,78.99449999999999,0.431,222626.5
Dan Croll,Compliment Your Soul,2014,0.244,0.877,-3.626,0.0536,4.63e-4,0.0128,0.462,82.922,0.473,181846
Dananananaykroyd,Black Wax,2010,0.48850000000000005,0.923,-4.1135,0.138,0.09965,0,0.16,137.01100000000002,0.368,244546.5
Datarock,Fa-Fa-Fa,2008,0.715,0.8996666666666667,-4.934666666666667,0.043166666666666666,0.007716666666666667,0.00159,0.044899999999999995,134.87666666666667,0.96,307395.3333333333
Datarock,Give It Up,2010,0.6593333333333333,0.9676666666666667,-5.632,0.060566666666666664,3.186666666666667e-4,0.0049499999999999995,0.269,139.99566666666666,0.8893333333333333,167669
Datarock,True Stories,2009,0.678,0.8706666666666667,-4.218,0.099,5.54e-4,4.6e-7,0.057633333333333335,137.01466666666667,0.9173333333333333,169519.66666666666
Dax Riders,Real Fonky Time,2003,0.896,0.714,-4.567,0.04735,0.00481,0,0.1235,108.967,0.8385,212239.5
De Staat,Down Town,2014,0.461,0.881,-5.728,0.0885,3.3e-4,4.57e-5,0.792,152.954,0.794,188386
Death Cab For Cutie,Gold Rush,2019,0.518,0.96,-4.466,0.0504,0.254,2.33e-4,0.311,80.43,0.826,240253
Death From Above 1979,Crystal Ball,2015,0.42033333333333334,0.945,-2.6670000000000003,0.08056666666666668,1.0019999999999999e-5,1.705333333333333e-5,0.0395,147.996,0.531,171417.33333333334
Declan McKenna,Isombard,2017,0.401,0.907,-7.310499999999999,0.04535,5.705e-4,0.0669,0.2985,169.9715,0.3635,223835.5
Digitalism,Circles,2012,0.43316666666666664,0.9346666666666666,-4.352,0.3496666666666667,0.0034483333333333336,0.003473333333333333,0.10358333333333333,140.0065,0.2855,227633.16666666666
Digitalism,Pogo,2008,0.403,0.7484999999999999,-5.255,0.044399999999999995,6.27e-5,7.625e-5,0.5275000000000001,136.017,0.395,226466
Disco Ensemble,We Might Fall Apart,2008,0.451,0.972,-4.7415,0.0953,0.01069,0,0.06625,172.0545,0.546,268799.5
DJ Bitman,Me Gustan,2009,0.767,0.889,-5.919,0.0396,0.0537,0.178,0.105,109.987,0.857,175853
DJ Raff,Latino & Proud,2012,0.8273333333333334,0.544,-5.596333333333333,0.2886666666666667,0.09536666666666667,6.677e-4,0.2936666666666667,97.98766666666667,0.965,220311.66666666666
DJ Tiësto,Flight 643,2002,0.6206666666666667,0.9731666666666666,-5.974333333333334,0.10826666666666666,0.0036,0.8705,0.09981666666666666,137.00799999999998,0.22033333333333333,482209.6666666667
Django Django,Hail Bop,2013,0.623,0.7473333333333333,-7.2893333333333334,0.03256666666666667,0.031733333333333336,0.6799999999999999,0.194,123.762,0.5730000000000001,243329
Django Django,Tic Tac Toe,2018,0.5135000000000001,0.9175,-7.425,0.0466,5.36e-4,4.715e-4,0.1085,133.05349999999999,0.533,234514
DMA’s,Play It Out,2017,0.332,0.9606666666666667,-1.9296666666666666,0.0463,2.13e-5,1.9566666666666667e-5,0.06446666666666667,120.845,0.23633333333333334,204919.33333333334
Dover,Do Ya,2008,0.609,0.808,-2.079,0.0508,0.00506,2.93e-4,0.0853,131.99,0.56,180093
Duffy,Mercy,2009,0.7926666666666667,0.857,-3.7584999999999997,0.033416666666666664,0.26316666666666666,3.063333333333333e-4,0.12683333333333333,129.9075,0.9641666666666666,219920
Dum Dum Girls,It Only Takes One Night,2011,0.312,0.94,-3.356,0.042,0.0016,2.83e-4,0.528,171.971,0.532,122293
Ebony Bones,W.A.R.R.I.O.R.,2011,0.675,0.946,-5.3614999999999995,0.253,0.3055,1.8649999999999998e-4,0.4945,135.0925,0.484,208413
Embrace,Ashes,2006,0.42633333333333334,0.76,-7.588333333333333,0.0352,0.10493333333333334,0,0.12433333333333334,138.10033333333334,0.41333333333333333,261430.66666666666
Empire Of The Sun,Alive,2014,0.524,0.8835,-3.0585,0.03685,0.10385,5.5e-7,0.07089999999999999,119.947,0.397,204568.5
Empire Of The Sun,High And Low,2017,0.512,0.768,-4.673,0.045,0.0213,3.2e-6,0.0918,126.907,0.322,224840
Empresarios,Sabor Tropical,2012,0.811,0.928,-6.464,0.045,0.303,5.37e-4,0.0813,110.024,0.673,212149
Epik High,Fly,2007,0.7053333333333333,0.96,-2.6956666666666664,0.0551,0.055233333333333336,0,0.12533333333333332,128.03333333333333,0.9213333333333333,201466
Everything Everything,Distant Past,2016,0.694,0.812,-6.473,0.0355,0.0666,5.33e-4,0.211,129.988,0.522,221693
Faithless,No Roots,2005,0.554,0.868,-6.627,0.0521,0.00343,0.0161,0.446,90.002,0.273,323906
Fidel Nadal,International Love,2010,0.7004999999999999,0.7035,-6.9384999999999994,0.0597,0.0153,0,0.06485,175.97050000000002,0.758,246899.5
Fitz And The Tantrums,Spark,2013,0.75,0.936,-3.066,0.0652,0.0521,0.00298,0.0732,133.147,0.896,198986
Flogging Molly,To Youth (My Sweet Roisin Dubh),2005,0.356,0.989,-3.916,0.136,6.18e-4,0.0106,0.247,148.396,0.581,197093
Foals,Olympic Airways,2009,0.6025714285714285,0.868,-7.1659999999999995,0.030928571428571427,0.04687142857142857,0.7414285714285714,0.2587,138.95,0.7894285714285715,253033.85714285713
Formation,Pleasure,2017,0.611,0.829,-8.152,0.0614,0.00958,0.0309,0.118,124.937,0.657,250491
Foster The People,Call It What You Want,2012,0.641,0.967,-4.289,0.0601,0.0483,2.76e-4,0.442,113.017,0.725,238786
Franz Ferdinand,Tell Her Tonight,2005,0.5325,0.592,-7.4085,0.0385,1.945e-4,0,0.21300000000000002,123.9175,0.673,137573
Future Funk Squad,Sorcerary,2005,0.727,0.888,-6.369,0.0688,0.0688,0.0176,0.44,124.983,0.482,261680
Ghali,Habibi,2019,0.649,0.711,-6.924,0.103,0.148,3.22e-6,0.0972,111.763,0.523,184413
Gin Wigmore,New Rush,2016,0.717,0.935,-4.631,0.0948,0.035,0.0985,0.104,133.032,0.493,229280
Givers,Up Up Up,2012,0.41833333333333333,0.8063333333333333,-6.657666666666667,0.10289999999999999,0.002086666666666667,2.7400000000000005e-4,0.249,116.86033333333333,0.297,273835.3333333333
Glass Animals,Youth,2017,0.648,0.718,-7.765,0.0298,0.129,0.00156,0.112,96.017,0.785,230693
Glasvegas,The World Is Yours,2012,0.35633333333333334,0.8956666666666667,-3.7823333333333333,0.0568,3.8666666666666667e-4,3.5266666666666666e-6,0.45133333333333336,132.074,0.199,293000
Goldfrapp,Train,2004,0.628,0.714,-6.07,0.0263,5.47e-4,0.0946,0.0749,130.011,0.353,251080
Gorillaz,Rhinestone Eyes,2011,0.676,0.703,-5.815,0.0302,0.0869,6.87e-4,0.0463,92.761,0.852,200173
Gorillaz,Sorcererz,2019,0.584,0.872,-6.636,0.0365,0.022,0.927,0.127,84.075,0.818,180373
Graffiti6,Stare Into The Sun,2012,0.6441666666666667,0.7261666666666666,-6.622,0.057683333333333336,0.01715,0.002485,0.289,126.97416666666666,0.8135,236826
Groove Armada,Paper Romance,2011,0.5352857142857143,0.73,-6.1858571428571425,0.03332857142857143,9.622857142857143e-5,0.061513957142857144,0.28585714285714287,123.00042857142857,0.22428571428571428,370910.85714285716
Head Automatica,Brooklyn Is Burning,2005,0.753,0.952,-3.919,0.079,0.0109,0,0.126,119.045,0.591,234986
HUNTAR,Anyway,2017,0.578,0.603,-4.418,0.0287,0.15,0,0.161,102.059,0.447,201280
Idlewild,You Held the World in Your Arms,2003,0.385,0.908,-3.287,0.0558,1.71e-5,0.594,0.105,132.877,0.375,202435
Illya Kuryaki & The Valderramas,Funky Futurista,2014,0.943,0.642,-4.254,0.277,0.0135,5.27e-6,0.255,122.986,0.796,234373
Ivete Sangalo,Sorte Grande,2005,0.72875,0.8235,-5.4072499999999994,0.0577,0.14150000000000001,0.0051725,0.2095,141.979,0.96575,228342.75
Ivy Queen,Que Lloren,2008,0.82,0.7095,-7.4465,0.16549999999999998,0.2445,0,0.512,91.9995,0.7745,193186
Jack Garratt,Surprise Yourself,2017,0.382,0.4335,-12.1705,0.076550000000000007,0.2455,9.335e-4,0.136,158.746,0.0895,260794
Jagwar Ma,O B 1,2017,0.51425,0.8855,-6.7475,0.034525,0.0012875,2.7299999999999997e-4,0.5665,100.82024999999999,0.482,318618.75
Jagwar Ma,What Love,2013,0.525,0.673,-8.019,0.0344,1.04e-4,0.0197,0.209,174.018,0.196,232560
Japanese Popstars,Let Go,2012,0.7213333333333333,0.8076666666666668,-5.147666666666667,0.0544,9.373333333333333e-4,0.43333333333333335,0.326,128.00300000000001,0.44133333333333336,322257.3333333333
John Newman,Love Me Again,2014,0.495,0.894,-4.814,0.0441,0.00453,5.96e-4,0.103,126.03,0.213,239894
Jonsi,Around Us,2011,0.21,0.634,-9.075,0.0463,0.101,0.0089,0.269,139.817,0.0607,318053
Jump Jump Dance Dance,White Picket Fences,2011,0.3905,0.8585,-5.5280000000000005,0.05595,6.88e-6,3.045e-6,0.09395,144.9835,0.3495,217313
Jungle,Beat 54 (All Good Now),2019,0.646,0.695,-6.34,0.0547,0.517,0.00687,0.154,105.986,0.513,246815
Junior Senior,Rhythm Bandits,2004,0.465,0.991,-1.327,0.208,0.0122,0,0.919,176.996,0.739,168186
K’naan,Soobax,2006,0.8198,0.9158000000000001,-4.786,0.1896,0.168,0,0.4656,106.0176,0.4294,230733
Kaleo,Way Down We Go,2016,0.508,0.58,-5.824,0.111,0.616,3.19e-4,0.088,162.709,0.256,219560
Karol Conka,Boa Noite,2014,0.5853333333333334,0.8416666666666667,-5.091333333333333,0.35866666666666663,0.029166666666666667,1.6133333333333334e-4,0.07096666666666666,135.365,0.5583333333333333,166307.33333333334
Kasabian,Club Foot,2013,0.3504,0.9172,-6.8738,0.07084,0.02372,1.746e-5,0.09236,102.0814,0.1164,214965.2
Kasabian,Comeback Kid,2017,0.47,0.931,-3.433,0.104,0.00599,0,0.0502,139.979,0.498,260173
Kasabian,Switchblade Smiles,2012,0.24625,0.91025,-7.149,0.2185,0.05075,0.41100000000000003,0.15925,105.54299999999999,0.2825,254486
Kings Of Leon,Red Morning Light,2004,0.528,0.797,-5.387,0.044,0.0792,0,0.327,160.848,0.877,179426
Kinky,Coqueta,2006,0.739,0.969,-4.688,0.0623,0.0434,1.84e-5,0.396,143.023,0.895,217320
Kitten,G#,2013,0.357,0.792,-4.725,0.0427,0.0046,0.272,0.0832,134.948,0.31,283160
Kosheen,Hide U,2003,0.669,0.669,-5.214,0.0564,0.0114,0.11,0.112,169.989,0.334,251240
Kosheen,Pride,2003,0.41,0.94,-4.306,0.208,0.136,0,0.11,84.34,0.189,240960
Kovic,Drown,2018,0.708,0.891,-3.8520000000000003,0.050699999999999995,0.31499999999999995,5.05e-7,0.255,116.108,0.665,188177.5
Kwabs,Walk,2015,0.615,0.814,-3.903,0.0677,0.17,0,0.218,144.005,0.577,214149
La Vida Boheme,El Buen Salvaje,2012,0.5083333333333333,0.951,-6.0826666666666664,0.13466666666666666,8.44e-4,0.64,0.19633333333333333,150.00966666666667,0.384,206187.66666666666
Ladyhawke,Black White & Blue,2013,0.5135000000000001,0.833,-2.101,0.0483,0.001365,6.180000000000001e-4,0.223,115.0125,0.297,234866
Ladytron,Ace of Hz,2011,0.497,0.919,-3.66,0.0292,0.0168,0.162,0.217,122.009,0.383,217360
Ladytron,Runaway,2009,0.572,0.7515000000000001,-6.78,0.0318,2.13e-4,9.86e-4,0.122,114.96549999999999,0.466,289960
LCD Soundsystem,Daft Punk Is Playing at My House,2006,0.92,0.914,-4.555,0.0444,0.0222,7.62e-5,0.114,135.923,0.974,314556
LCD Soundsystem,I Can Change,2011,0.6446666666666667,0.7286666666666667,-6.566333333333334,0.0287,0.0021033333333333334,0.0016,0.23566666666666666,116.98166666666667,0.6836666666666666,354543
Lewis Del Mar,Painting (Masterpiece),2017,0.726,0.861,-5.167,0.0695,0.277,4.12e-6,0.0534,91.966,0.711,243413
Little Dragon,Nightlight,2012,0.716,0.839,-5.522,0.03725,0.0125,0.09615,0.1825,140.0195,0.9675,205053
Lola Coca,Love Songs,2017,0.768,0.772,-2.858,0.158,0.191,0,0.0881,114.888,0.528,220886
Lorde,Supercut,2018,0.562,0.437,-10.229,0.052,0.219,2.18e-5,0.0806,124.852,0.15,277506
Los Fabulosos Cadillacs,La Luz del Ritmo,2010,0.656,0.898,-3.938,0.0615,0.0871,0.087,0.073,148.127,0.784,242573
Los Rakas,Hot,2014,0.749,0.839,-6.406,0.181,0.0106,0.0221,0.0889,100.019,0.543,203400
Lucius,Almighty Gosh,2017,0.538,0.87,-5.6665,0.041400000000000006,6.405e-4,0.00328,0.0673,124.984,0.264,215466
Lukas Kasha,Love Abuse,2008,0.508,0.851,-4.349,0.0363,0.00171,0,0.082,155.045,0.836,201226
Macaco,Una Sola Voz,2012,0.684,0.542,-6.248,0.0279,0.132,2.73e-5,0.0856,92.023,0.613,206386
Madeon,Imperium,2015,0.647,0.946,-1.72,0.0767,1.22e-4,0.0355,0.158,110.017,0.452,198853
Magic Man,Tonight,2015,0.505,0.917,-5.906,0.0388,0.209,3.9e-6,0.0827,163.936,0.304,217733
Mala Rodriguez,"Jugadoras, Jugadores",2005,0.888,0.3905,-7.7635000000000005,0.354,0.01375,0,0.0882,89.975,0.6535,341346.5
Malachai,Snowflake,2011,0.717,0.731,-3.653,0.0338,0.127,0.214,0.12,129.696,0.791,210626
Mando Diao,God Knows,2006,0.376,0.802,-4.065,0.0337,0.00168,1.81e-5,0.0812,79.099,0.574,230733
maNga,Bir Kadin Cizeceksin,2006,0.626,0.814,-6.943,0.156,0.0143,5.11e-4,0.0734,102.098,0.659,264440
Mansionair,Violet City,2019,0.593,0.7455,-7.8,0.033699999999999994,0.06265000000000001,0.1695,0.21,161.987,0.381,213515
Marcelinho da Lua,Tranquilo,2006,0.644,0.957,-4.622,0.0448,0.0011,0.00389,0.0671,170.032,0.967,266933
Massive Attack,Splitting The Atom,2011,0.721,0.354,-9.786999999999999,0.0346,0.499,0.0357,0.16133333333333333,100.04599999999999,0.5846666666666667,316611.3333333333
Matisyahu,Searchin,2013,0.5894,0.7442,-6.5806000000000004,0.19,0.04854,1.98e-6,0.2504,95.012199999999993,0.3256,259051.4
Maxïmo Park,The Unshockable,2008,0.5175000000000001,0.9684999999999999,-3.3064999999999998,0.0495,0.003935,5.05e-6,0.116,100.03200000000001,0.645,196373
Mellowdrone,Oh My,2007,0.658,0.851,-5.351,0.034,0.00142,0.00395,0.16,132.07,0.772,207693
Melody Club,Fever Fever,2008,0.692,0.924,-4.761,0.0546,0.0712,1.1e-6,0.0819,110.005,0.853,219333
Metric,Gold Guns Girls,2010,0.4935,0.96075,-5.394,0.058525,9.2875e-4,0.0323,0.078725,179.9625,0.81325,245799.5
Metric,Speed The Collapse,2013,0.473,0.905,-4.798,0.035525,0.0102875,0.0334,0.090425,94.99875,0.50375,222739.5
Mexican Institute of Sound,Alocatel,2010,0.69375,0.6915,-6.89875,0.0497,0.18275,0.0063175,0.1585,79.23375,0.9065000000000001,219809.75
MGMT,Flash Delirium,2011,0.5726666666666667,0.8043333333333333,-3.9459999999999997,0.0626,0.07863333333333333,3.663333333333333e-4,0.06896666666666666,122.082,0.39866666666666667,255924
Miami Horror,All It Ever Was,2016,0.25133333333333335,0.7506666666666667,-4.797,0.03833333333333333,0.159,0.0019533333333333334,0.378,103.368,0.07833333333333334,342316
Miike Snow,Paddling Out,2013,0.611,0.826,-3.56,0.0368,0.00929,0.0043,0.186,128.112,0.363,223053
Morning Runner,Gone up in Flames,2007,0.286,0.922,-3.579,0.0433,3.82e-4,2.67e-4,0.138,174.906,0.682,174689
Morrissey,"Irish Blood, English Heart",2005,0.579,0.81,-5.3149999999999995,0.03665,0.004880000000000001,0.0010375,0.0959,140.0865,0.363,158039.5
Muse,Supermassive Black Hole,2007,0.668,0.921,-3.727,0.0439,0.0492,0.00517,0.0877,120,0.782,212439
Najwajean,Drive Me,2009,0.734,0.6525000000000001,-7.845,0.04525,0.23299999999999998,1.16e-5,0.2305,124.01650000000001,0.6925,295153
New Order,Blue Monday,2005,0.611,0.931,-7.631,0.0402,3.81e-4,0.638,0.824,130.583,0.323,428573
Nightmare of You,"Dear Scene, I Wish I Were Deaf",2007,0.41766666666666663,0.975,-2.9366666666666665,0.09393333333333334,0.025033333333333335,0,0.16333333333333333,142.962,0.586,202275.33333333334
Nine Black Alps,Cosmopolitan,2006,0.34,0.9584999999999999,-3.0655,0.10550000000000001,8.435e-5,6.89e-6,0.08399999999999999,178.31900000000002,0.262,155953
Nothing But Thieves,Trip Switch,2016,0.6343333333333333,0.801,-4.161333333333333,0.0765,0.019266666666666668,0.007176666666666666,0.09783333333333334,88.46933333333334,0.7626666666666667,181137.33333333334
Oasis,Lyla,2006,0.3872,0.9473999999999999,-2.1158,0.04958,1.1933999999999999e-4,9.158e-4,0.1404,120.917,0.2912,310866.4
Ocean Wisdom,Tom & Jerry,2019,0.634,0.645,-11.285,0.327,0.103,0,0.0824,98.624,0.475,206250
Octavian,Lightning,2019,0.712,0.5255000000000001,-12.151,0.06684999999999999,0.005185,0.0109,0.101,129.952,0.045450000000000004,235342
ODESZA,La Ciudad,2018,0.666,0.8545,-5.0915,0.046200000000000005,0.00568,0.3425,0.1835,108.02250000000001,0.21350000000000002,271136
Of Monsters And Men,Crystals,2016,0.581,0.758,-7.252,0.0305,0.00196,2.86e-4,0.1,132.197,0.331,243520
OK KID,Am Ende,2014,0.688,0.885,-6.542,0.0725,9.17e-4,0,0.0938,130.009,0.28,213600
Paper Routes,Chariots,2017,0.257,0.973,-4.887,0.141,1.25e-4,0.00667,0.122,129.051,0.458,276586
Parade of Lights,Feeling Electric,2016,0.449,0.833,-4.626,0.0548,3.87e-4,5.62e-4,0.151,97.055,0.637,221617
Paul van Dyk,Nothing But You,2004,0.5205,0.9199999999999999,-7.4565,0.0392,2.89e-4,0.7304999999999999,0.33799999999999997,139.37349999999998,0.05025,417715.5
Perfume Genius,Slip Away,2018,0.603,0.509,-6.824,0.0312,0.371,2.66e-5,0.0627,136.592,0.572,165329
Peter Bjorn and John,Young Folks,2008,0.6995,0.81175,-6.00525,0.038125,0.01745,7.2375e-4,0.10015,138.16325,0.662,278449.75
Phantoms,Throw It In The Fire,2018,0.868,0.709,-6.767,0.236,7.69e-4,2.22e-4,0.123,120.035,0.899,321026
Pint Shot Riot,Not Thinking Straight,2010,0.391,0.899,-4.604,0.0724,3.49e-5,0.0386,0.142,163.892,0.649,142413
Pint Shot Riot,Twisted Soul,2012,0.311,0.884,-4.919,0.048,2.54e-6,0.198,0.18,165.045,0.526,188706
Planet Funk,Static,2008,0.7593333333333333,0.5293333333333333,-5.9093333333333335,0.0352,5.906666666666666e-4,2.1766666666666666e-5,0.07016666666666667,126.03999999999999,0.5266666666666667,297821.6666666667
Plastilina Mosh,Let U Know,2009,0.524,0.897,-5.0555,0.2175,8.9e-4,1.3700000000000001e-5,0.7255,161.681,0.65,218379.5
Plastilina Mosh,Peligroso Pop,2007,0.7015,0.901,-4.498749999999999,0.03435,4.1125e-4,0.0079575,0.06485,135.03525,0.7404999999999999,216396.5
Polock,Everlasting,2015,0.646,0.833,-5.721,0.0316,0.00439,0.00111,0.108,112,0.656,185477
Polysics,Tei! Tei! Tei!,2007,0.412,0.948,-2.39,0.254,1.56e-4,0.0166,0.092,190.825,0.495,155600
Prides,Out Of The Blue,2015,0.512,0.787,-5.852,0.0323,1.79e-5,0.0917,0.351,87.992,0.558,221743
Radiohead,Myxomatosis,2004,0.499,0.815,-7.079,0.0361,1.8e-4,0.721,0.299,99.124,0.57,232533
Radiopilot,Fahrrad,2009,0.54,0.933,-2.931,0.0349,0.0124,0,0.717,112.921,0.867,141920
Ralph Myerz and the Jack Herren Band,Deepest Red,2007,0.608,0.988,-3.08,0.046,0.00363,0.00824,0.615,139.543,0.882,217346
Raury,Crystal Express,2016,0.757,0.942,-6.213,0.0459,0.122,0.00298,0.154,119.98,0.736,237826
Reptar,Sweet Sipping Soda,2013,0.39633333333333337,0.9006666666666667,-6.123,0.09343333333333334,5.163333333333333e-4,0.04893333333333333,0.39966666666666667,145.86766666666668,0.5836666666666667,341272.6666666667
Residente,Dagombas en Tamale,2018,0.608,0.842,-4.522,0.194,0.00387,0,0.689,82.916,0.726,235573
Reverend And The Makers,Open Your Window,2009,0.5575,0.849,-4.9365000000000006,0.041749999999999995,0.003035,5.329999999999999e-4,0.43899999999999995,100.95249999999999,0.651,241146.5
Rex Orange County,Never Enough,2018,0.511,0.891,-4.44,0.095,0.0124,0,0.0912,158.99,0.536,298520
Robert DeLong,Here,2014,0.579,0.9586666666666667,-3.917333333333333,0.08043333333333334,0.015466666666666667,6.69e-4,0.6426666666666667,139.899,0.188,249324
Robyn,Bum Like You,2008,0.6455714285714286,0.5725714285714285,-7.076714285714286,0.23357142857142857,0.0069357142857142855,0.0026342857142857144,0.0615,70.78957142857143,0.6264285714285714,208413
Rocky Dawuni,Download the Revolution,2010,0.811,0.599,-7.342,0.126,0.204,0,0.729,138.004,0.739,281426
Royal Teeth,Wild,2013,0.562,0.925,-5.927,0.0493,4.56e-4,4.06e-5,0.108,112.004,0.766,274226
Röyksopp,Follow My Ruin,2006,0.6523333333333333,0.9213333333333333,-7.135666666666666,0.031566666666666666,0.04663333333333333,0.9136666666666667,0.105,121.30633333333334,0.9666666666666667,231880
SAFIA,Bye Bye,2017,0.698,0.808,-5.732,0.0474,0.0281,4.78e-5,0.54,124.036,0.921,192124
Saint Motel,Move,2017,0.638,0.819,-4.991,0.0643,0.0177,0,0.312,101.031,0.721,187893
Saint Raymond,Wild Heart,2015,0.708,0.875,-7.539,0.0458,0.0233,3.49e-4,0.0589,109.949,0.728,263395
Sam Fender,Play God,2019,0.714,0.708,-6.286,0.0483,0.0891,0.0471,0.116,94.478,0.601,225600
Sam Sparro,Black & Gold,2009,0.382,0.694,-6.662,0.0493,0.00498,1.83e-4,0.113,102.041,0.28,274133
Sante Les Amis,Brasil,2015,0.63,0.816,-3.936,0.032,4.89e-5,0.0056,0.094,135.057,0.562,224918
Santigold,Big Mouth,2013,0.665,0.892,-6.158,0.0959,0.0793,0.066,0.103,139.949,0.341,191160
Scissor Sisters,Fire With Fire,2011,0.58475,0.7855,-5.04825,0.032,0.018075,1.4775e-5,0.11625,132.01825,0.32875,253173
Scissor Sisters,Take Your Mama,2005,0.7585,0.9555,-4.591,0.108,0.20575,3.135e-5,0.05425,153.966,0.9217500000000001,271896
Seinabo Sey,Pretend,2016,0.677,0.829,-4.976,0.0449,0.274,2.49e-5,0.3,99.955,0.277,209854
Selasee,Run,2006,0.648,0.6275,-8.581,0.1425,0.592,3.04e-6,0.093,87.0245,0.7190000000000001,232617
Señor Flavio,Lo Mejor Del Mundo,2009,0.616,0.943,-5.827,0.0373,0.115,0.0694,0.131,93.826,0.936,140053
Simian Mobile Disco,I Believe,2008,0.65625,0.66725,-6.10425,0.1805,0.0047775000000000005,0.0171625,0.0773,97.18199999999999,0.79,197316.5
Sir Sly,&Run,2018,0.764,0.661,-8.276,0.0526,0.0203,1.79e-4,0.179,92.018,0.479,226587
Slowdive,Star Roving,2018,0.326,0.932,-4.909,0.0506,0.0733,0.725,0.293,143.927,0.397,338869
Smallpools,Dreaming,2014,0.612,0.89,-2.827,0.047,4.78e-4,0,0.0672,118.989,0.886,216253
Sofi Tukker,Johny,2017,0.6635,0.5345,-7.7575,0.0445,0.026,0.5275000000000001,0.5740000000000001,92.0425,0.4225,184910.5
Spank Rock,Energy,2012,0.6816666666666668,0.9613333333333333,-4.204000000000001,0.0907,0.11766666666666667,6.073333333333333e-6,0.10966666666666666,116.67133333333332,0.6343333333333333,209673
Sportfreunde Stiller,Independent,2003,0.435,0.982,-4.43,0.104,0.0508,0,0.404,186.037,0.396,178146
Spring King,Who Are You?,2017,0.387,0.975,-4.419,0.0467,4.69e-4,0.452,0.243,170.01,0.825,196402
St. Lucia,September,2013,0.746,0.56,-7.911,0.0339,0.0152,0.144,0.189,119.99,0.389,346466
Stepdad,Jungles,2013,0.41,0.887,-5.761,0.0781,1.67e-5,0.0542,0.403,173.05,0.203,279933
Superbus,Butterfly,2008,0.6612,0.7628,-5.6554,0.031799999999999995,0.04064,1.2352e-5,0.11560000000000001,119.9882,0.241,232826.2
Superorganism,Something For Your M.I.N.D.,2018,0.698,0.542,-4.317,0.131,0.132,0.00117,0.199,140.096,0.664,165391
Surferosa,Royal Uniform,2007,0.452,0.792,-6.037,0.0599,0.00506,0.0184,0.195,156.027,0.553,204480
Systema Solar,Rumbera,2017,0.7917500000000001,0.8354999999999999,-7.16075,0.05545,0.0116,3.3299999999999996e-4,0.090375,115.00225,0.856,212536.5
Tahiti 80,Big Day,2007,0.669,0.8946666666666667,-3.986333333333333,0.0426,0.06973333333333333,4.63e-6,0.11766666666666667,104.855,0.6473333333333333,195829
Tash Sultana,Jungle,2018,0.591,0.7,-5.881,0.028633333333333334,0.26966666666666667,8.896666666666667e-5,0.08816666666666667,146.00400000000002,0.494,315601.3333333333
The 1975,The City,2014,0.4826,0.9618,-4.880199999999999,0.08792,9.224e-5,7.166e-4,0.1062,95.00019999999999,0.6504,206886
The Airborne Toxic Event,Gasoline,2009,0.471,0.96,-3.182,0.0982,4.65e-5,0.00226,0.0686,108.13,0.569,200906
The Black Keys,Tighten Up,2011,0.47825,0.707,-6.18,0.067625,0.0013025,4.41e-6,0.47550000000000003,108.949,0.5762499999999999,211070.25
The Bloody Beetroots,Butter,2009,0.6025,0.898,-3.585,0.132,1.485e-4,0.0015,0.46649999999999997,118.08949999999999,0.328,274273
The Cat Empire,Sly,2008,0.5435000000000001,0.7335,-5.73,0.0669,0.01108,6.95e-6,0.2535,169.238,0.8155,230879.5
The Chain Gang Of 1974,Hold On,2012,0.554,0.765,-6.136,0.0392,1.17e-4,0.0871,0.19,124.012,0.35,489196
The Chain Gang Of 1974,Miko,2014,0.475,0.916,-6.406,0.068,8.14e-4,0.897,0.124,155.007,0.619,182106
The Cooper Temple Clause,"Promises, Promises",2004,0.4665,0.937,-4.2265,0.07155,1.85e-4,0.002145,0.209,141.0755,0.34450000000000003,202086.5
The Departure,Be My Enemy,2006,0.399,0.962,-2.861,0.147,0.0316,1.09e-4,0.0512,144.979,0.324,204813
The Enemy,Be Somebody,2010,0.442,0.93,-3.81,0.038,7.55e-5,2.31e-6,0.12,155.437,0.715,184693
The Enemy,Saturday,2013,0.4638,0.7234,-3.935,0.32802,0.03601686,6.6e-7,0.34559999999999996,155.678,0.5684,192394.8
The Feeling,Sewn,2007,0.54025,0.72525,-5.13,0.03685,0.1755,0,0.0864,150.00074999999998,0.2275,355450.75
The Fratellis,Tell Me A Lie,2009,0.5102,0.8776,-3.8464,0.03632,0.007686,0,0.4034,125.79140000000001,0.7856000000000001,238826
The Griswolds,16 Years,2015,0.5630000000000001,0.8313333333333333,-4.5809999999999995,0.0485,0.013833333333333335,7.113333333333333e-6,0.09910000000000001,141.70483333333334,0.9226666666666667,225721
The Hoosiers,Goodbye Mr A,2008,0.4666,0.84,-3.2586,0.02936,0.07754,0.002566,0.1786,185.9812,0.5766,267071
The Jam,Town Called Malice,2004,0.546,0.9299999999999999,-7.084,0.08225,0.001571,0.01942,0.06925,102.017,0.7745,173060
The Kissaway Trail,61,2009,0.4703333333333333,0.8723333333333333,-8.581666666666667,0.0339,3.0133333333333336e-4,0.22833333333333333,0.25233333333333335,120.06833333333333,0.31666666666666665,265733
The Kooks,Always Where I Need To Be,2009,0.331,0.961,-4.627,0.0663,1.46e-4,0,0.322,168.355,0.882,161720
The Kooks,Around Town,2015,0.578,0.933,-3.469,0.0582,0.0218,1.19e-5,0.374,106.973,0.513,250692
The Medics,City,2012,0.477,0.921,-4.785,0.0828,0.00181,0,0.193,145.01,0.59,144800
The Mountains,The Valleys,2015,0.652,0.705,-6.84,0.0314,0.596,0.00717,0.514,140.044,0.861,219362
The Naked & Famous,Punching In A Dream,2012,0.3928,0.7414000000000001,-5.684,0.04594,0.19585,6.51148e-4,0.1284,104.9412,0.13978000000000002,232143.6
The Naked And Famous,Hearts Like Ours,2014,0.376,0.701,-5.604,0.0304,4.05e-5,0.0931,0.0855,177.96,0.151,272053
The Pinker Tones,Sampleame,2011,0.7156666666666667,0.9189999999999999,-7.859666666666667,0.07776666666666666,0.17033333333333334,0,0.25133333333333335,140.0045,0.8178333333333333,216383.16666666666
The Pinker Tones,The Whistling Song,2009,0.909,0.852,-6.643,0.04123333333333333,0.27566666666666667,0.013466666666666667,0.08346666666666668,129.99866666666668,1,233506
The Pinker Tones,TMCR Grand Finale,2007,0.6227142857142858,0.6955714285714285,-6.766285714285714,0.043057142857142856,0.18757512857142858,0.04117714285714286,0.32742857142857146,145.6907142857143,0.7644285714285715,264847.28571428574
The Presets,Ghosts,2013,0.608,0.681,-9.145666666666667,0.03813333333333333,0.15,3.053333333333333e-6,0.21766666666666667,140.01166666666666,0.5573333333333333,209044.33333333334
The Rakes,Strasbourg,2006,0.541,0.9635,-2.067,0.07555,0.005125,0.588,0.3355,91.5235,0.682,150400
The Raveonettes,That Great Love Sound,2004,0.398,0.963,-4.248,0.0648,4.5e-4,0.00368,0.169,136.023,0.616,195533
The Royal Concept,Goldrushed,2013,0.58075,0.8875,-5.52375,0.03655,0.00176,6.714999999999999e-6,0.1159,102.94874999999999,0.39775000000000005,226936
The Royal Concept,On Our Way,2014,0.603,0.82275,-5.4955,0.1135,0.004435,0,0.15975,130.931,0.34475,194186
The Royal Concept,Smile,2016,0.396,0.646,-7.148,0.0394,0.00734,1.11e-4,0.154,200.069,0.484,197146
The Script,The End Where I Begin,2009,0.4441428571428571,0.614,-5.739857142857143,0.026457142857142856,0.09672857142857143,0,0.115,109.98114285714286,0.06835714285714285,214049.2857142857
The Sheer,Understand,2007,0.411,0.906,-4.143,0.0478,1.44e-4,4.32e-4,0.0869,133.962,0.425,295546
The Sounds,Seven Days a Week,2005,0.458,0.88,-2.503,0.0316,0.00118,0,0.145,150.29,0.727,181333
The Stone Roses,Fools Gold,2004,0.733,0.6,-15.159,0.0611,6.46e-4,0.876,0.326,112.787,0.141,594066
The Strokes,Machu Picchu,2012,0.6924999999999999,0.8174999999999999,-5.288,0.06495000000000001,0.013049999999999999,0.1287,0.057300000000000004,105.009,0.8745,209544.5
The Tellers,More,2008,0.7755000000000001,0.563,-10.6605,0.0431,0.3135,7.685e-4,0.105,103.149,0.7284999999999999,133720
The Ting Tings,Hands,2012,0.7775000000000001,0.896,-3.762,0.03015,0.0324,6.275e-6,0.16299999999999998,129.9745,0.778,199960
The Ting Tings,Keep Your Head,2009,0.677,0.985,-2.017,0.0438,0.008,0.00891,0.0963,154.015,0.96,202320
The Ting Tings,Super Critical,2015,0.7997500000000001,0.761,-6.9245,0.09809999999999999,0.0032,0.01205,0.1285,107.96074999999999,0.5635,212068.25
The Veronicas,Untouched,2009,0.5555000000000001,0.768,-5.3785,0.2405,0.01795,0.01164,0.153,176.98725000000002,0.457,254710
The War On Drugs,Holding On,2018,0.444,0.939,-5.027,0.0403,6.11e-4,0.00986,0.0453,150.084,0.686,350893
The Whip,Muzzle #1,2009,0.6094999999999999,0.8334999999999999,-7.1105,0.04165,2.32e-4,2.5e-4,0.0785,128.0005,0.796,295253
The Whitest Boy Alive,1517,2010,0.7824,0.5548,-7.34,0.03968,0.2636,0.29359999999999997,0.09502000000000001,122.4642,0.9623999999999999,217842.2
The XX,Dangerous,2018,0.774,0.709,-6.166,0.0465,0.00224,0.00224,0.21,119.982,0.565,250000
Thievery Corporation,Stargazer,2012,0.777,0.845,-4.469,0.156,0.0553,0.663,0.399,88.006,0.69,224773
Tourist,Run,2017,0.556,0.898,-5.465,0.0587,0.57,0.897,0.0951,125.99,0.127,359785
Tove Styrke,Sway,2019,0.755,0.694,-5.361,0.0424,0.205,8.23e-4,0.274,120.058,0.531,210773
Tribalistas,Já Sei Namorar,2004,0.67,0.822,-6.687,0.057,0.67,0.00115,0.132,145.56,0.833,196986
Tumi & the Volume,Afrique,2008,0.514,0.764,-7.512,0.447,0.647,0,0.553,151.982,0.716,146346
tUnE-yArDs,Water Fountain,2015,0.825,0.69,-6.234,0.065,0.00337,0.00277,0.367,110.488,0.589,183453
TV On The Radio,Will Do,2012,0.563,0.857,-3.454,0.0364,0.0146,0.00818,0.0681,79.979,0.422,224986
Two Door Cinema Club,Are We Ready? (Wreck),2017,0.601,0.752,-6.626,0.032,0.00522,0.00732,0.337,93.988,0.735,230853
Two Door Cinema Club,I Can Talk,2011,0.4725,0.75225,-4.91225,0.20525,2.8725e-5,0.11795,0.24175,162.938,0.65175,176659.5
Two Door Cinema Club,Sleep Alone,2013,0.528,0.7556,-5.0142,0.0425,1.066e-4,0.00227,0.0929,148.0398,0.5324,236440
Underworld,Two Months Off,2004,0.582,0.896,-9.152,0.0638,0.00211,0.728,0.0218,134.994,0.665,548560
Ungdomskulen,Modern Drummer,2009,0.2285,0.8574999999999999,-5.1370000000000005,0.0624,3.7e-4,0.671,0.2895,156.2955,0.3765,326353
Unknown Mortal Orchestra,Can’t Keep Checking My Phone,2016,0.706,0.958,-2.839,0.053900000000000003,0.0532,0.00495,0.249,114.73,0.88,256066
Us3,Kick This,2007,0.796,0.88,-4.606,0.144,0.115,5.03e-6,0.0469,97.983,0.921,267013
Vampire Weekend,Worship You,2014,0.474,0.919,-5.966,0.0779,0.00119,1.82e-6,0.314,149.055,0.303,201240
Vance Joy,Mess Is Mine,2015,0.595,0.723,-8.256,0.0349,0.047,0.0286,0.0995,108.043,0.272,223640
Vassy,Wanna Fly,2008,0.766,0.94,-1.55,0.115,0.0951,7.01e-4,0.174,178.172,0.788,210000
Vitalic,My Friend Dario,2006,0.6045,0.9644999999999999,-5.047499999999999,0.049049999999999996,5.870000000000001e-4,0.7184999999999999,0.8594999999999999,133.27249999999998,0.9,217280
Walk The Moon,Quesadilla,2013,0.551,0.732,-6.081,0.0627,0.0019,0,0.0764,145.107,0.635,195280
Washed Out,Get Lost,2018,0.5853999999999999,0.9603999999999999,-3.8144,0.0634,0.02756,0.05536,0.7474,113.9842,0.729,244941.6
Wir sind Helden,Endlich ein Grund zur Panik,2008,0.5135000000000001,0.935,-2.3055,0.1225,0.0674,4.8300000000000003e-4,0.26549999999999996,156.9395,0.654,223733.5
Wir sind Helden,Guten Tag,2004,0.6446666666666667,0.8476666666666667,-3.9063333333333334,0.04543333333333333,0.0206,3.2033333333333333e-6,0.08543333333333333,91.98666666666666,0.9633333333333333,216235.33333333334
Wyclef Jean,MVP Kompa,2010,0.725,0.907,-4.55,0.294,0.306,0,0.189,103.012,0.803,309533
X-Wife,Movin' Up,2016,0.634,0.694,-5.639,0.042,0.00282,0.00535,0.184,122.955,0.746,221474
Yeasayer,O.N.E.,2011,0.618,0.9256666666666667,-6.27,0.04616666666666667,0.12470666666666666,0.17645866666666668,0.563,121.304,0.4766666666666667,336404.3333333333
Yerba Buena,Cityzen Citysoy,2006,0.713,0.892,-6.967,0.0367,0.00887,7.57e-4,0.131,104,0.963,304653
You Me At Six,Lived A Lie,2014,0.472,0.891,-3.955,0.0391,0.058,0,0.301,132.896,0.47,203213
Young Empires,Rain of Gold,2013,0.655,0.933,-2.524,0.0365,0.0987,4.8e-4,0.134,127.996,0.91,196560
Young Fathers,Border Girl,2019,0.6185,0.435,-8.1715,0.197,0.4645,0.5145,0.117,105.589,0.4505,241021
Young Love,Discotech,2007,0.6275,0.952,-4.3365,0.0795,0.0013,0,0.112,152.0005,0.801,234360
Youngblood Hawke,We Come Running,2013,0.5525,0.73975,-7.0200000000000005,0.040625,3.14e-4,0.00369,0.118,124.97325000000001,0.34075,247779.5
Zap Mama,Vibrations,2010,0.7324999999999999,0.698,-8.3095,0.1865,0.081125,5.3e-6,0.08862500000000001,102.5285,0.512,208073
Zeca Pagodinho,Deixa A Vida Me Levar,2004,0.6996666666666667,0.7946666666666666,-9.631333333333334,0.23450000000000001,0.5691666666666666,0,0.17536666666666667,104.87733333333334,0.8608333333333333,276204
Zemaria,Past 2,2013,0.776,0.498,-5.597,0.0416,2.14e-4,0.0178,0.0665,124.047,0.664,220426
ZHU,Money,2017,0.587,0.661,-8.289,0.04735,0.04045,0.010155,0.16749999999999998,109.3695,0.125,307193
Zion y Lennox,Ahora,2005,0.777,0.917,-4.333,0.0464,0.0309,5.46e-5,0.0786,95.974,0.557,180986
